name,birthday
"Eugenie Edmond",09-17-16
"Kaycee Kaczor",04-11-16
"Alina Angeles",04-11-16
"Cedric Caddy",04-11-16
"Aretha Alleyne",09-17-16
"Maud Mulvey",04-11-16
"Lanora Landwehr",04-11-16
"Yi Yung",04-11-16
"Corliss Coakley",04-11-16
"Gala Giuliani",04-11-16
"Eldon Emmons",04-11-16
"Fairy Fury",04-11-16
"Doreatha Doran",04-11-16
"Holly Hopwood",04-11-16
"Latia Lovelace",04-11-16
"Antonetta Alsobrook",04-11-16
"Emma Ellerbe",04-11-16
"Roxanne Rapp",04-11-16
"Dorotha Dillinger",04-11-16
"Perla Prahl",04-11-16
"Genevive Gaudin",09-17-16
"Marine Maziarz",04-11-16
"Samella Selig",04-11-16
"Larue Lovell",04-11-16
"Collene Cuadra",04-11-16
"Kati Kenny",04-17-16
"Hyman Hora",04-11-16
"Elliot Evangelista",04-11-16
"Opal Orlando",04-11-16
"Hyun Hickey",04-11-16
"Nella Nunn",04-11-16
"Wilfred Willner",09-11-16
"Mervin Masuda",04-11-16
"Janean Jaco",04-11-16
"Celinda Coriell",04-17-16
"Micki Maffucci",04-11-16
"Rosemarie Reidhead",04-11-16
"Tania Tavarez",04-11-16
"Chara Celentano",09-17-16
"Brooke Brakebill",04-11-16
"Lawrence Leisure",04-11-16
"Lyndon Lilly",04-11-16
"Armand Anton",04-11-16
"Melaine Mayes",04-11-16
"Nery Nicodemus",04-17-16
"Loreen Lopiccolo",04-11-16
"Ward Wischmeier",04-11-16
"Era Estelle",04-11-16
"Maryln Myricks",04-11-16
"Vanesa Vanpelt",04-11-16