App Name,Primary Colour
Lotlux,Violet
Flowdesk,Purple
Regrant,Orange
AAAlphazap,Indigo
Prodder,Teal
Lotlux,Fuscia
Voltsillam,Puce
Prodder,Fuscia
Hatity,Orange
Opela,Teal
Voltsillam,Goldenrod
Tres-Zap,Blue
Vagram,Purple
Transcof,Aquamarine
Stringtough,Yellow
Domainer,Fusciaa
Ventosanzap,Crimson
Hatity,Khaki
Fix San,Khaki
Daltfresh,Indigo
Alphaaaaa,Goldenrod
Trippledex,Maroon
Y-Solowarm,Teal
Bigtax,Pink
Stim,Pink
Asoka,Mauv
Daltfresh,Teal
Wrapsafe,Blue
Veribet,Blue
Andalax,Red
Treeflex,Goldenrod
Fix San,Khaaki
Temp,Goldenrod
Regrant,Crimson
Gembucket,Fuscia
Toughjoyfax,Teal
Veribet,Pink
Hatity,Orange
Zontrax,Khaki
Ronstring,Purple
Kanlam,Fuscia
Domainer,Blue
Redhold,Pink
Quo Lux,Mauv
Bitwolf,Khaki
Vagram,Green
Cardify,Red
Daltfresh,Yellow
Domainer,Khaki
Bitchip,Fuscia
Fixflex,Red
Flexidy,Turquoise
Pannier,Crimson
Y-Solowarm,Turquoise
Keylex,Pink
Solarbreeze,Green
Cardguard,Maroon
Zontrax,Red
Stringtough,Orange
Voltsillam,Mauv
Lotstring,Blue
Tampflex,Fuscia
Fintone,Pink
Andalax,Khaki
Bitwolf,Aquamarine
Holdlamis,Violet
Transcof,Aquamarine
Aerified,Goldenrod
Span,Indigo
Y-Solowarm,Violet
Subin,Goldenrod
Fix San,Turquoise
Subin,Crimson
Opela,Turquoise
Fintone,Goldenrod
Holdlamis,Pink
Home Ing,Teal
Gembucket,Green
Bigtax,Indigo
Fix San,Indigo
Tampflex,Aquamarine
Home Ing,Khaki
Gembucket,Teal
Vagram,Red
Tresom,Turquoise
Alpha,Crimson
Konklux,Purple
Lotstring,Red
Bytecard,Red
Veribet,Indigo
Alpha,Yellow
Sonair,Blue
Stim,Pink
Regrant,Khaki
Bitwolf,Maroon
Zaam-Dox,Khaki
Kanlam,Pink
Konklab,Purple
Regrant,Red
Gembucket,Crimson
Alphazap,Khaki
Prodder,Yellow
Opela,Teal
Subin,Indigo
Kanlam,Orange
Andalax,Mauv
Domainer,Green
Wrapsafe,Teal
Temp,Fuscia
Veribet,Turquoise
Konklux,Goldenrod
Fix San,Blue
Konklux,Puce
Subin,Blue
Y-find,Violet
Konklux,Fuscia
Viva,Aquamarine
Duobam,Crimson
Regrant,Fuscia
Daltfresh,Goldenrod
Duobam,Teal
Duobam,Violet
Alpha,Orange
Tin,Blue
Fintone,Mauv
Y-Solowarm,Crimson
Matsoft,Orange
Subin,Khaki
Kanlam,Blue
Holdlamis,Puce
Kanlam,Yellow
Zoolab,Green
Bigtaaaax,Aquamarine
Zontrax,Indigo
Asoka,Green
Flexidy,Red
Y-find,Orange
Treeflex,Blue
Bamity,Mauv
Opela,Pink
Latlux,Purple
Opela,Mauv
Solarbreeze,Teal
Sub-Ex,Goldenrod
Flowdesk,Maroon
Kanlam,Red
Fix San,Green
Regrant,Crimson
Quo Lux,Fuscia
Alphazap,Turquoise
Konklux,Orange
Tresom,Pink
Asoka,Puce
Bitchip,Green
Overhold,Red
Aerified,Purple
Asoka,Aquamarine
Sonsing,Aquamarine
Fix San,Yellow
Voyatouch,Violet
It,Indigo
Biodex,Green
Bytecard,Blue
Matsoft,Violet
Subin,Fuscia
Overhold,Indigo
Trippledex,Violet
Zamit,Fuscia
Voltsillam,Red
Span,Maroon
Tres-Zap,Aquamarine
Subin,Pink
Ronstring,Blue
Tres-Zap,Aquamarine
Hatity,Mauv
Quo Lux,Purple
Ronstring,Goldenrod
Konklux,Khaki
Alpha,Teal
Namfix,Purple
Sonsing,Green
Ronstring,Orange
Lotlux,Goldenrod
Vagram,Crimson
Prodder,Orange
Holdlamis,Puce
Viva,Purple
Matsoft,Orange
Gembucket,Teal
Flexidy,Fuscia
Subin,Indigo
Redhold,Purple
Asoka,Orange
Otcom,Goldenrod
Trippledex,Turquoise
Konklab,Purple
Konklab,Fuscia
Tampflex,Purple
Fintone,Indigo
Vagram,Teal
Matsoft,Turquoise
Fixflex,Khaki
Biodex,Puce
Ronstring,Aquamarine
Holdlamis,Goldenrod
Domainer,Crimson
Viva,Pink
Hatity,Indigo
Cookley,Teal
Fixflex,Purple
Solarbreeze,Puce
Regrant,Mauv
Lotlux,Indigo
Fix San,Teal
Duobam,Purple
Tresom,Khaki
Pannier,Crimson
Gembucket,Crimson
Home Ing,Indigo
Stim,Violet
Mat Lam Tam,Khaki
Regrant,Orange
Solarbreeze,Yellow
Biodex,Crimson
Voltsillam,Khaki
Fintone,Puce
Konklux,Purple
Subin,Orange
Kanlam,Mauv
Y-Solowarm,Pink
Flexidy,Crimson
Flexidy,Pink
Cardify,Blue
Tempsoft,Teal
Solarbreeze,Blue
Cookley,Aquamarine
Otcom,Pink
Daltfresh,Goldenrod
Tampflex,Violet
Cardguard,Puce
Trippledex,Fuscia
Daltfresh,Blue
Tampflex,Turquoise
Trippledex,Teal
Mat Lam Tam,Indigo
Fintone,Blue
Y-find,Turquoise
Tin,Green
Sonair,Maroon
Alphazap,Khaki
Otcom,Indigo
Bitchip,Purple
Ventosanzap,Pink
Namfix,Khaki
Bamity,Indigo
Viva,Indigo
Konklux,Khaki
Latlux,Khaki
Bitchip,Aquamarine
Asokaaaa,Turquoise
Holdlamis,Turquoise
Tampflex,Pink
Fix San,Indigo
Stronghold,Puce
Redhold,Maroon
Trippledex,Red
Lotstring,Khaki
Sub-Ex,Blue
Subin,Mauv
Stronghold,Goldenrod
Fix San,Violet
Veribet,Fuscia
Zamit,Maroon
Voltsillam,Maroon
Opela,Purple
Fintone,Indigo
Holdlamis,Maroon
Cardguard,Violet
Stronghold,Yellow
Duobam,Orange
Zamit,Mauv
Fixflex,Turquoise
Hatity,Blue
Zontrax,Puce
Holdlamis,Blue
Ventosanzap,Pink
Solarbreeze,Teal
Bamity,Aquamarine
Regrant,Goldenrod
Mat Lam Tam,Orange
Bamity,Orange
Bamity,Yellow
Biodex,Blue
Sonsing,Puce
Sonair,Pink
Trippledex,Blue
Fixflex,Maroon
Subin,Teal
Redhold,Teal
Tampflex,Indigo
Overhold,Indigo
Home Ing,Orange
Redhold,Fuscia
Quo Lux,Aquamarine
It,Violet
Gembucket,Crimson
Domainer,Purple
Tampflex,Khaki
Zontrax,Turquoise
Namfix,Violet
Trippledex,Blue
Pannier,Violet
Stringtough,Purple
Span,Teal
Viva,Fuscia
Konklab,Khaki
Prodder,Turquoise
Tin,Maroon
Y-find,Green
Temp,Orange
Job,Teal
Bytecard,Red
Fixflex,Khaki
Regrant,Teal
Overhold,Orange
Voyatouch,Turquoise
Zathin,Pink
Flowdesk,Mauv
Zoolab,Violet
Flexidy,Puce
Pannier,Khaki
Redhold,Goldenrod
Zoolab,Teal
Bytecard,Puce
Stronghold,Teal
Alphazap,Crimson
Home Ing,Blue
Bitwolf,Red
Cardify,Blue
Flowdesk,Yellow
Fix San,Pink
Otcom,Puce
Ronstring,Aquamarine
Y-Solowarm,Fuscia
Sonair,Crimson
Y-Solowarm,Orange
Y-find,Green
Bitchip,Aquamarine
Toughjoyfax,Crimson
Lotlux,Turquoise
Stronghold,Violet
Alphazap,Green
Sub-Ex,Maroon
Fixflex,Red
Y-Solowarm,Indigo
Y-find,Violet
Viva,Green
Zoolab,Purple
Flexidy,Purple
Matsoft,Green
Otcom,Aquamarine
Voltsillam,Violet
Tempsoft,Goldenrod
Ventosanzap,Mauv
Konklux,Fuscia
Daltfresh,Turquoise
Cardify,Khaki
Sub-Ex,Goldenrod
Namfix,Pink
Duobam,Violet
Opela,Red
Cookley,Blue
Zamit,Puce
Alphazap,Pink
Andalax,Crimson
Bitwolf,Red
Ventosanzap,Fuscia
Stringtough,Orange
Vagram,Blue
Y-Solowarm,Puce
Span,Red
Transcof,Pink
Regrant,Orange
Opela,Indigo
Ronstring,Mauv
Sub-Ex,Purple
Tresom,Aquamarine
Pannier,Mauv
Zoolab,Puce
Transcof,Teal
Bigtax,Goldenrod
Solarbreeze,Aquamarine
Voltsillam,Green
Flowdesk,Mauv
Domainer,Aquamarine
Vagram,Pink
Flexidy,Orange
Temp,Khaki
Domainer,Goldenrod
Zathin,Purple
Konklab,Puce
Vagram,Red
Flexidy,Teal
Sonsing,Purple
Hatity,Red
Tempsoft,Orange
Home Ing,Goldenrod
Zontrax,Violet
Prodder,Maroon
Trippledex,Purple
Holdlamis,Indigo
Alphazap,Violet
Daltfresh,Yellow
Redhold,Red
Cardguard,Aquamarine
Trippledex,Orange
Greenlam,Puce
Veribet,Turquoise
Rank,Red
Gembucket,Green
Y-find,Purple
Zamit,Green
Bigtax,Crimson
Sonair,Maroon
Viva,Aquamarine
Fintone,Yellow
Alpha,Violet
Lotstring,Yellow
Y-Solowarm,Red
Toughjoyfax,Purple
Latlux,Indigo
Overhold,Indigo
Home Ing,Orange
Fixflex,Aquamarine
Regrant,Mauv
Keylex,Teal
Tempsoft,Maroon
Aerified,Teal
Prodder,Orange
Opela,Fuscia
Trippledex,Teal
Redhold,Orange
Latlux,Puce
Fintone,Pink
Sonsing,Aquamarine
Tampflex,Orange
Y-find,Fuscia
Konklux,Maroon
Namfix,Orange
Alpha,Turquoise
Y-find,Purple
Overhold,Purple
Treeflex,Mauv
Tempsoft,Khaki
Subin,Fuscia
Bigtax,Blue
Trippledex,Maroon
Bamity,Green
Flexidy,Pink
Ronstring,Violet
Keylex,Crimson
Voltsillam,Yellow
Wrapsafe,Orange
Otcom,Maroon
Sonair,Purple
Redhold,Violet
It,Pink
Tampflex,Mauv
Ventosanzap,Red
Opela,Teal
Stim,Red
Bamity,Turquoise
Bigtax,Green
Latlux,Violet
Pannier,Pink
Alpha,Pink
Regrant,Goldenrod
Sonair,Teal
Tresom,Puce
Y-Solowarm,Red
Sonsing,Teal
Zontrax,Khaki
Tresom,Blue
Zaam-Dox,Turquoise
Ronstring,Teal
Trippledex,Teal
Sonsing,Fuscia
Temp,Aquamarine
Asoka,Orange
Daltfresh,Khaki
Lotlux,Pink
Daltfresh,Crimson
Konklab,Maroon
Veribet,Fuscia
Pannier,Crimson
Rank,Orange
Flowdesk,Pink
Aerified,Maroon
Asoka,Crimson
Duobam,Turquoise
Rank,Goldenrod
Veribet,Violet
Treeflex,Blue
Bitchip,Khaki
Ventosanzap,Fuscia
Flexidy,Purple
Tresom,Puce
Sonair,Purple
Quo Lux,Red
Bamity,Crimson
Alphazap,Green
Treeflex,Aquamarine
Temp,Violet
Alpha,Crimson
Temp,Goldenrod
Voyatouch,Pink
Alphazap,Khaki
It,Goldenrod
Subin,Goldenrod
Subin,Maroon
Konklab,Indigo
Biodex,Pink
Tampflex,Crimson
Stronghold,Purple
Daltfresh,Indigo
Zontrax,Teal
Voyatouch,Aquamarine
Bitwolf,Blue
Fix San,Violet
Transcof,Puce
Tres-Zap,Teal
Temp,Crimson
Tresom,Crimson
Kanlam,Orange
Ronstring,Goldenrod
Tresom,Pink
Konklab,Pink
It,Aquamarine
Zontrax,Khaki
Bitwolf,Indigo
Voyatouch,Goldenrod
Domainer,Teal
Home Ing,Mauv
Regrant,Indigo
Matsoft,Aquamarine
Sonsing,Indigo
Bytecard,Orange
Tempsoft,Crimson
Trippledex,Purple
Latlux,Pink
Stringtough,Orange
Lotlux,Orange
Zathin,Blue
Temp,Fuscia
Otcom,Crimson
Tin,Teal
Kanlam,Blue
Ventosanzap,Crimson
Bitchip,Indigo
Kanlam,Pink
Tres-Zap,Violet
Greenlam,Fuscia
Job,Maroon
Andalax,Yellow
Zoolab,Khaki
Sonair,Goldenrod
Zontrax,Fuscia
Zontrax,Blue
Job,Orange
Cardify,Indigo
Pannier,Goldenrod
Andalax,Orange
Mat Lam Tam,Blue
Rank,Green
Pannier,Maroon
Home Ing,Fuscia
Greenlam,Maroon
Bitwolf,Turquoise
Zaam-Dox,Orange
Span,Red
Bigtax,Red
Cookley,Maroon
Transcof,Green
Daltfresh,Maroon
Konklab,Teal
Holdlamis,Crimson
Zathin,Red
Stim,Teal
Veribet,Indigo
Kanlam,Teal
Zontrax,Goldenrod
Zamit,Pink
Rank,Turquoise
Keylex,Aquamarine
Toughjoyfax,Pink
Stronghold,Khaki
Fix San,Red
Fintone,Goldenrod
Latlux,Turquoise
Alphazap,Fuscia
Zathin,Teal
Quo Lux,Indigo
Mat Lam Tam,Aquamarine
Sonair,Pink
Fintone,Fuscia
Subin,Purple
Sonsing,Orange
Fintone,Pink
Namfix,Mauv
Transcof,Fuscia
Stronghold,Orange
Bitchip,Violet
Gembucket,Puce
Fix San,Goldenrod
Redhold,Orange
Tin,Aquamarine
Gembucket,Yellow
Sonsing,Mauv
Quo Lux,Aquamarine
Gembucket,Pink
Zamit,Pink
Hatity,Violet
Bitchip,Orange
Y-Solowarm,Maroon
It,Red
Fixflex,Maroon
Sub-Ex,Violet
Mat Lam Tam,Maroon
Transcof,Khaki
Wrapsafe,Mauv
Overhold,Purple
Voyatouch,Mauv
Otcom,Green
Voltsillam,Red
Overhold,Crimson
Quo Lux,Fuscia
Latlux,Pink
Hatity,Violet
Keylex,Mauv
Trippledex,Goldenrod
Zathin,Orange
Cardify,Teal
Zathin,Yellow
Hatity,Red
Lotstring,Violet
Treeflex,Khaki
Voyatouch,Indigo
Tampflex,Red
Opela,Violet
Zoolab,Orange
Viva,Mauv
Bitwolf,Mauv
Trippledex,Orange
Trippledex,Goldenrod
Gembucket,Puce
Bigtax,Green
Cardguard,Pink
Hatity,Purple
Cardguard,Aquamarine
Redhold,Indigo
Holdlamis,Puce
Hatity,Turquoise
Bitchip,Khaki
Cardguard,Violet
Namfix,Mauv
Fintone,Teal
Bitwolf,Maroon
Mat Lam Tam,Maroon
Redhold,Teal
Cookley,Puce
Cardguard,Khaki
Bitwolf,Fuscia
Pannier,Purple
Temp,Fuscia
Fintone,Puce
Alpha,Green
Sub-Ex,Crimson
Holdlamis,Aquamarine
Zamit,Crimson
Bitwolf,Violet
Konklux,Teal
Asoka,Goldenrod
Alphazap,Blue
Toughjoyfax,Violet
Stronghold,Mauv
Stronghold,Violet
Sonsing,Indigo
Lotstring,Violet
Prodder,Red
Transcof,Violet
Konklab,Puce
Tempsoft,Aquamarine
Rank,Crimson
Zamit,Red
Toughjoyfax,Pink
Veribet,Crimson
Konklux,Green
Bitwolf,Khaki
Biodex,Crimson
Hatity,Fuscia
Zontrax,Puce
Bitwolf,Green
Flowdesk,Violet
Sub-Ex,Orange
Matsoft,Blue
Vagram,Mauv
Konklab,Red
Trippledex,Mauv
Holdlamis,Teal
Sonsing,Violet
Ronstring,Teal
Cardguard,Goldenrod
Vagram,Yellow
Kanlam,Teal
Vagram,Indigo
Regrant,Orange
Fintone,Mauv
Keylex,Green
Bitchip,Puce
Biodex,Goldenrod
Tampflex,Fuscia
Gembucket,Goldenrod
Sonaaair,Violet
Aerified,Crimson
Domainer,Maroon
Regrant,Teal
Treeflex,Red
Solarbreeze,Puce
Regrant,Puce
Lotstring,Aquamarine
Regrant,Pink
Keylex,Mauv
Temp,Green
Domainer,Aquamarine
Domainer,Violet
Redhold,Purple
Stringtough,Red
Transcof,Pink
Zathin,Indigo
Viva,Goldenrod
Maaat Lam Tam,Violet
Ronstring,Maroon
Vagram,Blue
Zathin,Teal
Fix San,Teal
Aerified,Turquoise
Sonsing,Crimson
Namfix,Pink
Kanlam,Aquamarine
Fintone,Aquamarine
Sonsing,Mauv
Lotstring,Green
Stringtough,Teal
Asoka,Red
Wrapsafe,Goldenrod
Tin,Purple
Flowdesk,Maroon
Zaam-Dox,Orange
Ronstring,Violet
Tres-Zap,Yellow
Stim,Puce
Gembucket,Orange
Bitwolf,Yellow
Keylex,Aquamarine
Y-Solowarm,Maroon
Trippledex,Purple
Temp,Goldenrod
Bytecard,Red
Rank,Violet
Matsoft,Khaki
Namfix,Maroon
Viva,Maroon
Gembucket,Puce
Y-find,Crimson
Greenlam,Crimson
Job,Crimson
It,Mauv
Stringtough,Turquoise
Vagram,Violet
Domainer,Goldenrod
Redhold,Teal
Y-find,Teal
Lotlux,Maroon
Keylex,Yellow
Temp,Teal
Asoka,Mauv
Home Ing,Red
Voltsillam,Fuscia
Quo Lux,Maroon
Toughjoyfax,Blue
Sub-Ex,Indigo
Transcof,Red
Subin,Teal
Alpha,Fuscia
Asoka,Green
Daltfresh,Violet
Subin,Indigo
Overhold,Indigo
Konklab,Goldenrod
Subin,Purple
Bitchip,Red
It,Yellow
Rank,Puce
Keylex,Goldenrod
Stringtough,Puce
Ronstring,Indigo
Matsoft,Fuscia
Asoka,Blue
Mat Lam Tam,Aquamarine
Bytecard,Aquamarine
Zamit,Goldenrod
Bitwolf,Crimson
Hatity,Khaki
Tempsoft,Aquamarine
Bitwolf,Goldenrod
Bitwolf,Indigo
Daltfresh,Goldenrod
Zathin,Fuscia
Bigtax,Violet
Y-Solowarm,Crimson
Mat Lam Tam,Pink
Aerified,Blue
Wrapsafe,Goldenrod
Aerified,Aquamarine
Zamit,Turquoise
Tres-Zap,Teal
Biodex,Khaki
Bitwolf,Aquamarine
Ronstring,Khaki
Opela,Fuscia
Ronstring,Khaki
Latlux,Pink
Solarbreeze,Turquoise
Voltsillam,Puce
Kanlam,Indigo
Alphazap,Pink
Transcof,Purple
Otcom,Puce
Hatity,Yellow
Stim,Pink
Cardify,Aquamarine
Tin,Fuscia
Rank,Yellow
Namfix,Violet
Stringtough,Red
Pannier,Orange
Wrapsafe,Goldenrod
Y-find,Turquoise
Span,Goldenrod
Trippledex,Aquamarine
Regrant,Yellow
Fixflex,Goldenrod
Pannier,Red
Prodder,Maroon
Lotstring,Teal
Andalax,Teal
Zathin,Mauv
Tresom,Turquoise
Lotstring,Aquamarine
Ventosanzap,Pink
Keylex,Turquoise
Y-Solowarm,Green
Alpha,Indigo
Y-find,Teal
It,Khaki
Cardify,Green
Viva,Fuscia
Keylex,Mauv
Konklux,Pink
Ventosanzap,Pink
Redhold,Blue
Job,Violet
Lotlux,Mauv
Span,Pink
Otcom,Teal
Zontrax,Pink
Fixflex,Red
Zoolab,Green
Tampflex,Yellow
Stim,Violet
Ronstring,Red
Cardify,Puce
Tin,Purple
Mat Lam Tam,Violet
Overhold,Indigo
Bigtax,Mauv
Biodex,Fuscia
Wrapsafe,Yellow
Toughjoyfax,Khaki
Bytecard,Purple
Fix San,Fuscia
Veribet,Crimson
Temp,Blue
Tres-Zap,Blue
Konklab,Goldenrod
Redhold,Fuscia
Otcom,Pink
It,Maroon
Mat Lam Tam,Purple
Fintone,Goldenrod
Fixflex,Mauv
Tampflex,Indigo
Mat Lam Tam,Crimson
Ronstring,Maroon
Bytecard,Blue
Tresom,Teal
Zathin,Maroon
Hatity,Purple
Latlux,Goldenrod
Tres-Zap,Puce
Wrapsafe,Mauv
Namfix,Yellow
Zoolab,Puce
Ventosanzap,Green
Cardify,Turquoise
Pannier,Mauv
Hatity,Purple
Latlux,Khaki
Quo Lux,Yellow
Domainer,Violet
Tempsoft,Orange
Temp,Blue
Holdlamis,Teal
Home Ing,Crimson
Pannier,Aquamarine
Span,Violet
Bitwolf,Goldenrod
Rank,Khaki
Y-find,Puce
Holdlamis,Aquamarine
Stronghold,Mauv
Otcom,Indigo
Solarbreeze,Crimson
Latlux,Turquoise
Asoka,Teal
Prodder,Khaki
Namfix,Teal
Trippledex,Indigo
Fix San,Puce
Ronstring,Purple
Stringtough,Teal
Andalax,Red
Sonair,Fuscia
Lotstring,Mauv
Alpha,Red
Treeflex,Green
Holdlamis,Indigo
Domainer,Indigo
Bytecaard,Purple
Bytecaaard,Blue
Rank,Red
Otcom,Khaki
Bitchip,Orange
Sub-Ex,Orange
Hatity,Yellow
Stronghold,Yellow
Stronghold,Teal
Vagram,Fusciaa
Job,Violet
Sonsing,Yellow
Latlux,Pink
Transcof,Blue
Tin,Fuscia
Alphazap,Orange
It,Orange
Tin,Red
Tres-Zap,Violet
Zathin,Teal
Domainer,Aquamarine
Hatity,Indigo
Namfix,Khaki
Lotstring,Puce
Keylex,Pink
Ventosanzap,Goldenrod
Temp,Turquoise
Prodder,Crimson
Bitwolf,Indigo
Y-Solowarm,Mauv
Stronghold,Blue
Toughjoyfax,Teal
Y-Solowarm,Violet
Domainer,Goldenrod
Stronghold,Fuscia
Opela,Pink
Zontrax,Fuscia
Kanlam,Puce
Pannier,Khaki
Stronghold,Green
Quo Lux,Mauv
Stim,Maroon
Y-find,Indigo
Regrant,Red
Veribet,Goldenrod
Tampflex,Goldenrod
Viva,Violet
Sonair,Teal
Aerified,Maroon
Solarbreeze,Puce
Gembucket,Red
Treeflex,Purple
